uid,osm_type,osm_id,settlement,kind,housenumber,cluster_id,cluster_size,nearest_serviceable_road_m,lon,lat,flag,status
n9271467507,n,9271467507,bender_core,address,2,79,56,305.6,29.48749,46.8338,possible_missing_or_unnamed_access_road,excluded_pending_owner_review
w1215604333,w,1215604333,bender_core,unaddressed_building,,79,56,284.2,29.48788,46.83362,possible_missing_or_unnamed_access_road,excluded_pending_owner_review
w1292294499,w,1292294499,bender_core,unaddressed_building,,79,56,389.2,29.48734,46.83455,possible_missing_or_unnamed_access_road,excluded_pending_owner_review
w1292294500,w,1292294500,bender_core,unaddressed_building,,79,56,407.3,29.48712,46.8347,possible_missing_or_unnamed_access_road,excluded_pending_owner_review
w1292294501,w,1292294501,bender_core,unaddressed_building,,79,56,415.6,29.48758,46.83481,possible_missing_or_unnamed_access_road,excluded_pending_owner_review
w1292294502,w,1292294502,bender_core,unaddressed_building,,79,56,426.1,29.48757,46.8349,possible_missing_or_unnamed_access_road,excluded_pending_owner_review
w1374827653,w,1374827653,bender_core,unaddressed_building,,79,56,374.8,29.48742,46.83443,possible_missing_or_unnamed_access_road,excluded_pending_owner_review
w1428096037,w,1428096037,bender_core,unaddressed_building,,79,56,425.6,29.48838,46.83489,possible_missing_or_unnamed_access_road,excluded_pending_owner_review
w1428096038,w,1428096038,bender_core,unaddressed_building,,79,56,407.4,29.48841,46.83473,possible_missing_or_unnamed_access_road,excluded_pending_owner_review
w293181394,w,293181394,bender_core,unaddressed_building,,79,56,388.9,29.48618,46.83437,possible_missing_or_unnamed_access_road,excluded_pending_owner_review
w293181397,w,293181397,bender_core,unaddressed_building,,79,56,394.5,29.48521,46.83476,possible_missing_or_unnamed_access_road,excluded_pending_owner_review
w295115441,w,295115441,bender_core,unaddressed_building,,79,56,342.8,29.48685,46.83407,possible_missing_or_unnamed_access_road,excluded_pending_owner_review
w295115442,w,295115442,bender_core,unaddressed_building,,79,56,415.8,29.4858,46.83462,possible_missing_or_unnamed_access_road,excluded_pending_owner_review
w303916706,w,303916706,bender_core,unaddressed_building,,79,56,385.4,29.48535,46.83455,possible_missing_or_unnamed_access_road,excluded_pending_owner_review
w823856925,w,823856925,bender_core,unaddressed_building,,79,56,319.1,29.48776,46.83394,possible_missing_or_unnamed_access_road,excluded_pending_owner_review
w1292294503,w,1292294503,bender_lipcani,unaddressed_building,,79,56,443.6,29.48734,46.83505,possible_missing_or_unnamed_access_road,excluded_pending_owner_review
w1354934546,w,1354934546,bender_lipcani,unaddressed_building,,79,56,508.0,29.48425,46.83639,possible_missing_or_unnamed_access_road,excluded_pending_owner_review
w1428096013,w,1428096013,bender_lipcani,unaddressed_building,,79,56,702.9,29.48719,46.83739,possible_missing_or_unnamed_access_road,excluded_pending_owner_review
w1428096020,w,1428096020,bender_lipcani,unaddressed_building,,79,56,657.8,29.48708,46.83793,possible_missing_or_unnamed_access_road,excluded_pending_owner_review
w1428096034,w,1428096034,bender_lipcani,unaddressed_building,,79,56,486.4,29.48806,46.83545,possible_missing_or_unnamed_access_road,excluded_pending_owner_review
w1428096035,w,1428096035,bender_lipcani,unaddressed_building,,79,56,455.9,29.48811,46.83518,possible_missing_or_unnamed_access_road,excluded_pending_owner_review
w1428096036,w,1428096036,bender_lipcani,unaddressed_building,,79,56,450.9,29.4885,46.83512,possible_missing_or_unnamed_access_road,excluded_pending_owner_review
w1428096039,w,1428096039,bender_lipcani,unaddressed_building,,79,56,502.1,29.48841,46.83559,possible_missing_or_unnamed_access_road,excluded_pending_owner_review
w1428096040,w,1428096040,bender_lipcani,unaddressed_building,,79,56,535.4,29.48843,46.83589,possible_missing_or_unnamed_access_road,excluded_pending_owner_review
w1428096041,w,1428096041,bender_lipcani,unaddressed_building,,79,56,570.9,29.4883,46.83621,possible_missing_or_unnamed_access_road,excluded_pending_owner_review
w1428096044,w,1428096044,bender_lipcani,unaddressed_building,,79,56,659.0,29.48806,46.83701,possible_missing_or_unnamed_access_road,excluded_pending_owner_review
w1428096045,w,1428096045,bender_lipcani,unaddressed_building,,79,56,653.6,29.48807,46.83697,possible_missing_or_unnamed_access_road,excluded_pending_owner_review
w1428096046,w,1428096046,bender_lipcani,unaddressed_building,,79,56,638.4,29.4881,46.83683,possible_missing_or_unnamed_access_road,excluded_pending_owner_review
w1428096047,w,1428096047,bender_lipcani,unaddressed_building,,79,56,632.7,29.48811,46.83678,possible_missing_or_unnamed_access_road,excluded_pending_owner_review
w1428096048,w,1428096048,bender_lipcani,unaddressed_building,,79,56,618.0,29.48813,46.83664,possible_missing_or_unnamed_access_road,excluded_pending_owner_review
w1428096049,w,1428096049,bender_lipcani,unaddressed_building,,79,56,612.8,29.48814,46.8366,possible_missing_or_unnamed_access_road,excluded_pending_owner_review
w1428096053,w,1428096053,bender_lipcani,unaddressed_building,,79,56,670.4,29.4866,46.83742,possible_missing_or_unnamed_access_road,excluded_pending_owner_review
w287026506,w,287026506,bender_lipcani,address,2,79,56,519.7,29.48697,46.83571,possible_missing_or_unnamed_access_road,excluded_pending_owner_review
w287026507,w,287026507,bender_lipcani,unaddressed_building,,79,56,525.3,29.48697,46.83576,possible_missing_or_unnamed_access_road,excluded_pending_owner_review
w287026508,w,287026508,bender_lipcani,unaddressed_building,,79,56,523.4,29.48678,46.83572,possible_missing_or_unnamed_access_road,excluded_pending_owner_review
w287026509,w,287026509,bender_lipcani,unaddressed_building,,79,56,589.3,29.48617,46.8365,possible_missing_or_unnamed_access_road,excluded_pending_owner_review
w293181399,w,293181399,bender_lipcani,unaddressed_building,,79,56,377.5,29.48367,46.83528,possible_missing_or_unnamed_access_road,excluded_pending_owner_review
w293181400,w,293181400,bender_lipcani,unaddressed_building,,79,56,556.5,29.48532,46.83652,possible_missing_or_unnamed_access_road,excluded_pending_owner_review
w293181401,w,293181401,bender_lipcani,unaddressed_building,,79,56,518.2,29.48368,46.83756,possible_missing_or_unnamed_access_road,excluded_pending_owner_review
w295024424,w,295024424,bender_lipcani,unaddressed_building,,79,56,522.1,29.48553,46.83606,possible_missing_or_unnamed_access_road,excluded_pending_owner_review
w295024427,w,295024427,bender_lipcani,unaddressed_building,,79,56,558.2,29.48622,46.83612,possible_missing_or_unnamed_access_road,excluded_pending_owner_review
w295024570,w,295024570,bender_lipcani,unaddressed_building,,79,56,652.7,29.48614,46.83733,possible_missing_or_unnamed_access_road,excluded_pending_owner_review
w295150807,w,295150807,bender_lipcani,unaddressed_building,,79,56,389.0,29.48247,46.83563,possible_missing_or_unnamed_access_road,excluded_pending_owner_review
w295150808,w,295150808,bender_lipcani,unaddressed_building,,79,56,483.3,29.48286,46.83645,possible_missing_or_unnamed_access_road,excluded_pending_owner_review
w295150809,w,295150809,bender_lipcani,unaddressed_building,,79,56,453.0,29.48288,46.83794,possible_missing_or_unnamed_access_road,excluded_pending_owner_review
w295422721,w,295422721,bender_lipcani,unaddressed_building,,79,56,554.0,29.48339,46.83703,possible_missing_or_unnamed_access_road,excluded_pending_owner_review
w295422722,w,295422722,bender_lipcani,unaddressed_building,,79,56,538.1,29.48352,46.83685,possible_missing_or_unnamed_access_road,excluded_pending_owner_review
w297047592,w,297047592,bender_lipcani,unaddressed_building,,79,56,382.9,29.48446,46.83504,possible_missing_or_unnamed_access_road,excluded_pending_owner_review
w528368787,w,528368787,bender_lipcani,unaddressed_building,,79,56,611.0,29.48706,46.83837,possible_missing_or_unnamed_access_road,excluded_pending_owner_review
w643227695,w,643227695,bender_lipcani,unaddressed_building,,79,56,598.4,29.48681,46.83641,possible_missing_or_unnamed_access_road,excluded_pending_owner_review
w698278134,w,698278134,bender_lipcani,unaddressed_building,,79,56,654.2,29.48829,46.83697,possible_missing_or_unnamed_access_road,excluded_pending_owner_review
w707585707,w,707585707,bender_lipcani,unaddressed_building,,79,56,557.6,29.48696,46.83606,possible_missing_or_unnamed_access_road,excluded_pending_owner_review
w713035190,w,713035190,bender_lipcani,unaddressed_building,,79,56,445.2,29.48343,46.836,possible_missing_or_unnamed_access_road,excluded_pending_owner_review
w823856923,w,823856923,bender_lipcani,unaddressed_building,,79,56,545.0,29.485,46.83652,possible_missing_or_unnamed_access_road,excluded_pending_owner_review
w823856924,w,823856924,bender_lipcani,unaddressed_building,,79,56,494.9,29.48509,46.83596,possible_missing_or_unnamed_access_road,excluded_pending_owner_review
w823856926,w,823856926,bender_lipcani,unaddressed_building,,79,56,379.6,29.48334,46.83539,possible_missing_or_unnamed_access_road,excluded_pending_owner_review
n4523355645,n,4523355645,bender_core,address,11,37,49,376.1,29.47247,46.80326,possible_missing_or_unnamed_access_road,excluded_pending_owner_review
w160157500,w,160157500,bender_core,address,20,37,49,244.8,29.4704,46.80217,possible_missing_or_unnamed_access_road,excluded_pending_owner_review
w160157501,w,160157501,bender_core,address,32,37,49,283.4,29.4732,46.80239,possible_missing_or_unnamed_access_road,excluded_pending_owner_review
w160157506,w,160157506,bender_core,address,18б,37,49,186.0,29.46966,46.80279,possible_missing_or_unnamed_access_road,excluded_pending_owner_review
w160157512,w,160157512,bender_core,address,20а,37,49,199.5,29.4697,46.80212,possible_missing_or_unnamed_access_road,excluded_pending_owner_review
w160157513,w,160157513,bender_core,address,38,37,49,215.8,29.47136,46.80186,possible_missing_or_unnamed_access_road,excluded_pending_owner_review
w160157516,w,160157516,bender_core,address,30,37,49,288.4,29.47256,46.80246,possible_missing_or_unnamed_access_road,excluded_pending_owner_review
w160157520,w,160157520,bender_core,address,22,37,49,297.5,29.47107,46.80317,possible_missing_or_unnamed_access_road,excluded_pending_owner_review
w160157526,w,160157526,bender_core,address,24,37,49,292.3,29.47111,46.80257,possible_missing_or_unnamed_access_road,excluded_pending_owner_review
w160157529,w,160157529,bender_core,address,42,37,49,151.9,29.47515,46.80111,possible_missing_or_unnamed_access_road,excluded_pending_owner_review
w160157531,w,160157531,bender_core,address,40,37,49,203.0,29.47218,46.80171,possible_missing_or_unnamed_access_road,excluded_pending_owner_review
w160157533,w,160157533,bender_core,address,28,37,49,345.9,29.47246,46.80299,possible_missing_or_unnamed_access_road,excluded_pending_owner_review
w160157538,w,160157538,bender_core,address,18,37,49,235.3,29.47031,46.80276,possible_missing_or_unnamed_access_road,excluded_pending_owner_review
w160157540,w,160157540,bender_core,address,34,37,49,226.5,29.47331,46.80187,possible_missing_or_unnamed_access_road,excluded_pending_owner_review
w161048725,w,161048725,bender_core,address,6,37,49,152.1,29.46914,46.8059,possible_missing_or_unnamed_access_road,excluded_pending_owner_review
w161048726,w,161048726,bender_core,address,8,37,49,207.9,29.46901,46.80537,possible_missing_or_unnamed_access_road,excluded_pending_owner_review
w161048743,w,161048743,bender_core,address,197,37,49,178.4,29.46763,46.80446,possible_missing_or_unnamed_access_road,excluded_pending_owner_review
w161048747,w,161048747,bender_core,address,12,37,49,224.6,29.4686,46.80483,possible_missing_or_unnamed_access_road,excluded_pending_owner_review
w161048751,w,161048751,bender_core,address,197а,37,49,167.1,29.46816,46.80409,possible_missing_or_unnamed_access_road,excluded_pending_owner_review
w161048753,w,161048753,bender_core,address,14,37,49,241.8,29.46901,46.80451,possible_missing_or_unnamed_access_road,excluded_pending_owner_review
w161048754,w,161048754,bender_core,address,193,37,49,151.1,29.46777,46.80517,possible_missing_or_unnamed_access_road,excluded_pending_owner_review
w161048756,w,161048756,bender_core,address,10,37,49,232.5,29.46987,46.8053,possible_missing_or_unnamed_access_road,excluded_pending_owner_review
w161048763,w,161048763,bender_core,address,16,37,49,294.4,29.46987,46.80465,possible_missing_or_unnamed_access_road,excluded_pending_owner_review
w209654387,w,209654387,bender_core,unaddressed_building,,37,49,279.4,29.4763,46.80281,possible_missing_or_unnamed_access_road,excluded_pending_owner_review
w209654408,w,209654408,bender_core,unaddressed_building,,37,49,161.5,29.47757,46.80098,possible_missing_or_unnamed_access_road,excluded_pending_owner_review
w209654409,w,209654409,bender_core,address,7,37,49,207.8,29.47683,46.80154,possible_missing_or_unnamed_access_road,excluded_pending_owner_review
w209654412,w,209654412,bender_core,address,5,37,49,288.0,29.47629,46.80229,possible_missing_or_unnamed_access_road,excluded_pending_owner_review
w315036783,w,315036783,bender_core,unaddressed_building,,37,49,264.7,29.47643,46.8034,possible_missing_or_unnamed_access_road,excluded_pending_owner_review
w315037914,w,315037914,bender_core,unaddressed_building,,37,49,176.9,29.46894,46.80378,possible_missing_or_unnamed_access_road,excluded_pending_owner_review
w315037915,w,315037915,bender_core,unaddressed_building,,37,49,229.9,29.46945,46.80411,possible_missing_or_unnamed_access_road,excluded_pending_owner_review
w315037916,w,315037916,bender_core,unaddressed_building,,37,49,194.5,29.46919,46.80383,possible_missing_or_unnamed_access_road,excluded_pending_owner_review
w315037917,w,315037917,bender_core,unaddressed_building,,37,49,210.7,29.46921,46.80403,possible_missing_or_unnamed_access_road,excluded_pending_owner_review
w315037918,w,315037918,bender_core,unaddressed_building,,37,49,152.3,29.46854,46.80374,possible_missing_or_unnamed_access_road,excluded_pending_owner_review
w319857616,w,319857616,bender_core,unaddressed_building,,37,49,243.7,29.47722,46.8021,possible_missing_or_unnamed_access_road,excluded_pending_owner_review
w320275319,w,320275319,bender_core,unaddressed_building,,37,49,206.5,29.47807,46.80126,possible_missing_or_unnamed_access_road,excluded_pending_owner_review
w320275320,w,320275320,bender_core,unaddressed_building,,37,49,173.7,29.47762,46.80109,possible_missing_or_unnamed_access_road,excluded_pending_owner_review
w320287443,w,320287443,bender_core,unaddressed_building,,37,49,249.0,29.47665,46.80304,possible_missing_or_unnamed_access_road,excluded_pending_owner_review
w352679843,w,352679843,bender_core,unaddressed_building,,37,49,169.2,29.46922,46.80337,possible_missing_or_unnamed_access_road,excluded_pending_owner_review
w442882583,w,442882583,bender_core,unaddressed_building,,37,49,158.1,29.46917,46.80319,possible_missing_or_unnamed_access_road,excluded_pending_owner_review
w442882584,w,442882584,bender_core,unaddressed_building,,37,49,199.6,29.47061,46.80175,possible_missing_or_unnamed_access_road,excluded_pending_owner_review
w443001374,w,443001374,bender_core,unaddressed_building,,37,49,277.7,29.4738,46.80231,possible_missing_or_unnamed_access_road,excluded_pending_owner_review
w443001375,w,443001375,bender_core,unaddressed_building,,37,49,210.9,29.47465,46.80167,possible_missing_or_unnamed_access_road,excluded_pending_owner_review
w446369569,w,446369569,bender_core,unaddressed_building,,37,49,187.2,29.4684,46.80523,possible_missing_or_unnamed_access_road,excluded_pending_owner_review
w47475150,w,47475150,bender_core,address,36,37,49,238.2,29.47414,46.80194,possible_missing_or_unnamed_access_road,excluded_pending_owner_review
w50736998,w,50736998,bender_core,address,26а,37,49,282.9,29.47191,46.80244,possible_missing_or_unnamed_access_road,excluded_pending_owner_review
w50736999,w,50736999,bender_core,address,26,37,49,349.0,29.47182,46.80305,possible_missing_or_unnamed_access_road,excluded_pending_owner_review
w50737000,w,50737000,bender_core,address,26,37,49,354.8,29.4717,46.80358,possible_missing_or_unnamed_access_road,excluded_pending_owner_review
w693309428,w,693309428,bender_core,unaddressed_building,,37,49,312.9,29.47585,46.80254,possible_missing_or_unnamed_access_road,excluded_pending_owner_review
w699331174,w,699331174,bender_core,unaddressed_building,,37,49,279.4,29.47523,46.80226,possible_missing_or_unnamed_access_road,excluded_pending_owner_review
w353619670,w,353619670,bender_core,address,27,21,35,158.0,29.47695,46.79824,possible_missing_or_unnamed_access_road,excluded_pending_owner_review
w353619671,w,353619671,bender_core,address,29,21,35,177.5,29.47701,46.79807,possible_missing_or_unnamed_access_road,excluded_pending_owner_review
w353619685,w,353619685,bender_core,address,31,21,35,197.6,29.47696,46.79788,possible_missing_or_unnamed_access_road,excluded_pending_owner_review
w353619769,w,353619769,bender_core,address,33,21,35,217.0,29.47698,46.79771,possible_missing_or_unnamed_access_road,excluded_pending_owner_review
w353619770,w,353619770,bender_core,address,35,21,35,233.8,29.47694,46.79755,possible_missing_or_unnamed_access_road,excluded_pending_owner_review
w353804996,w,353804996,bender_core,address,37,21,35,248.3,29.47703,46.79743,possible_missing_or_unnamed_access_road,excluded_pending_owner_review
w353804997,w,353804997,bender_core,address,39,21,35,270.3,29.47699,46.79722,possible_missing_or_unnamed_access_road,excluded_pending_owner_review
w353804998,w,353804998,bender_core,address,41,21,35,291.6,29.47699,46.79703,possible_missing_or_unnamed_access_road,excluded_pending_owner_review
w353804999,w,353804999,bender_core,address,43,21,35,316.2,29.47698,46.79681,possible_missing_or_unnamed_access_road,excluded_pending_owner_review
w353805000,w,353805000,bender_core,unaddressed_building,,21,35,325.4,29.47714,46.79673,possible_missing_or_unnamed_access_road,excluded_pending_owner_review
w353805001,w,353805001,bender_core,address,45,21,35,340.0,29.47697,46.79659,possible_missing_or_unnamed_access_road,excluded_pending_owner_review
w353805940,w,353805940,bender_core,unaddressed_building,,21,35,321.6,29.47749,46.7968,possible_missing_or_unnamed_access_road,excluded_pending_owner_review
w353805941,w,353805941,bender_core,unaddressed_building,,21,35,352.4,29.477,46.79648,possible_missing_or_unnamed_access_road,excluded_pending_owner_review
w353805942,w,353805942,bender_core,address,47,21,35,364.3,29.47704,46.79637,possible_missing_or_unnamed_access_road,excluded_pending_owner_review
w353805943,w,353805943,bender_core,unaddressed_building,,21,35,378.0,29.47696,46.79625,possible_missing_or_unnamed_access_road,excluded_pending_owner_review
w353805944,w,353805944,bender_core,address,49,21,35,394.3,29.47695,46.7961,possible_missing_or_unnamed_access_road,excluded_pending_owner_review
w353805945,w,353805945,bender_core,address,51,21,35,410.5,29.47696,46.79595,possible_missing_or_unnamed_access_road,excluded_pending_owner_review
w353807386,w,353807386,bender_core,address,53,21,35,390.0,29.47696,46.7957,possible_missing_or_unnamed_access_road,excluded_pending_owner_review
w353807387,w,353807387,bender_core,address,55,21,35,378.1,29.47701,46.79558,possible_missing_or_unnamed_access_road,excluded_pending_owner_review
w353807388,w,353807388,bender_core,unaddressed_building,,21,35,366.5,29.47707,46.79547,possible_missing_or_unnamed_access_road,excluded_pending_owner_review
w353807389,w,353807389,bender_core,address,57,21,35,354.6,29.47691,46.79538,possible_missing_or_unnamed_access_road,excluded_pending_owner_review
w353810453,w,353810453,bender_core,address,59,21,35,335.9,29.47692,46.79521,possible_missing_or_unnamed_access_road,excluded_pending_owner_review
w353810454,w,353810454,bender_core,address,61,21,35,307.7,29.4769,46.79495,possible_missing_or_unnamed_access_road,excluded_pending_owner_review
w353810455,w,353810455,bender_core,unaddressed_building,,21,35,324.4,29.47693,46.7951,possible_missing_or_unnamed_access_road,excluded_pending_owner_review
w353810456,w,353810456,bender_core,address,63,21,35,293.9,29.47702,46.79481,possible_missing_or_unnamed_access_road,excluded_pending_owner_review
w353810457,w,353810457,bender_core,address,65,21,35,284.2,29.47709,46.79471,possible_missing_or_unnamed_access_road,excluded_pending_owner_review
w353810458,w,353810458,bender_core,address,67,21,35,265.4,29.47695,46.79456,possible_missing_or_unnamed_access_road,excluded_pending_owner_review
w353810459,w,353810459,bender_core,address,69,21,35,250.7,29.47715,46.7944,possible_missing_or_unnamed_access_road,excluded_pending_owner_review
w353810460,w,353810460,bender_core,address,71,21,35,239.4,29.47714,46.79429,possible_missing_or_unnamed_access_road,excluded_pending_owner_review
w353810461,w,353810461,bender_core,address,73,21,35,221.9,29.4769,46.79416,possible_missing_or_unnamed_access_road,excluded_pending_owner_review
w353810462,w,353810462,bender_core,address,75,21,35,187.4,29.47699,46.79384,possible_missing_or_unnamed_access_road,excluded_pending_owner_review
w353817269,w,353817269,bender_core,address,77,21,35,166.5,29.47705,46.79364,possible_missing_or_unnamed_access_road,excluded_pending_owner_review
w353619673,w,353619673,giska,address,4,21,35,153.8,29.47631,46.79361,possible_missing_or_unnamed_access_road,excluded_pending_owner_review
w446100564,w,446100564,giska,address,2,21,35,180.7,29.47615,46.79388,possible_missing_or_unnamed_access_road,excluded_pending_owner_review
w707610563,w,707610563,giska,unaddressed_building,,21,35,161.3,29.47587,46.79373,possible_missing_or_unnamed_access_road,excluded_pending_owner_review
n2323589095,n,2323589095,parkany,address,243,0,25,164.6,29.50277,46.86285,possible_missing_or_unnamed_access_road,excluded_pending_owner_review
n2323589096,n,2323589096,parkany,address,256,0,25,174.0,29.50319,46.8627,possible_missing_or_unnamed_access_road,excluded_pending_owner_review
n2458005770,n,2458005770,parkany,address,254,0,25,173.0,29.50326,46.86244,possible_missing_or_unnamed_access_road,excluded_pending_owner_review
n2458005775,n,2458005775,parkany,address,252,0,25,173.6,29.50327,46.86223,possible_missing_or_unnamed_access_road,excluded_pending_owner_review
n2458005778,n,2458005778,parkany,address,250,0,25,166.6,29.50331,46.86203,possible_missing_or_unnamed_access_road,excluded_pending_owner_review
n2458103826,n,2458103826,parkany,address,235,0,25,151.7,29.50292,46.86227,possible_missing_or_unnamed_access_road,excluded_pending_owner_review
n2458103827,n,2458103827,parkany,address,237,0,25,155.1,29.50287,46.86241,possible_missing_or_unnamed_access_road,excluded_pending_owner_review
n2458103828,n,2458103828,parkany,address,241,0,25,161.4,29.5028,46.86272,possible_missing_or_unnamed_access_road,excluded_pending_owner_review
n2458103829,n,2458103829,parkany,address,239,0,25,159.1,29.50283,46.8626,possible_missing_or_unnamed_access_road,excluded_pending_owner_review
n2459722192,n,2459722192,parkany,address,246,0,25,153.0,29.50337,46.86165,possible_missing_or_unnamed_access_road,excluded_pending_owner_review
n2459722196,n,2459722196,parkany,address,248,0,25,161.3,29.50336,46.86184,possible_missing_or_unnamed_access_road,excluded_pending_owner_review
w431873900,w,431873900,parkany,unaddressed_building,,0,25,165.4,29.50327,46.86289,possible_missing_or_unnamed_access_road,excluded_pending_owner_review
w431873901,w,431873901,parkany,unaddressed_building,,0,25,171.0,29.50321,46.86279,possible_missing_or_unnamed_access_road,excluded_pending_owner_review
w431873903,w,431873903,parkany,unaddressed_building,,0,25,170.1,29.50325,46.86266,possible_missing_or_unnamed_access_road,excluded_pending_owner_review
w431873904,w,431873904,parkany,unaddressed_building,,0,25,169.8,29.50328,46.86252,possible_missing_or_unnamed_access_road,excluded_pending_owner_review
w438465981,w,438465981,parkany,unaddressed_building,,0,25,166.7,29.50334,46.86246,possible_missing_or_unnamed_access_road,excluded_pending_owner_review
w438465983,w,438465983,parkany,unaddressed_building,,0,25,160.2,29.50358,46.8617,possible_missing_or_unnamed_access_road,excluded_pending_owner_review
w438467167,w,438467167,parkany,unaddressed_building,,0,25,159.1,29.50348,46.86227,possible_missing_or_unnamed_access_road,excluded_pending_owner_review
w438467168,w,438467168,parkany,unaddressed_building,,0,25,158.6,29.50351,46.86215,possible_missing_or_unnamed_access_road,excluded_pending_owner_review
w438467169,w,438467169,parkany,unaddressed_building,,0,25,153.5,29.5036,46.86206,possible_missing_or_unnamed_access_road,excluded_pending_owner_review
w438467170,w,438467170,parkany,unaddressed_building,,0,25,162.3,29.5035,46.86197,possible_missing_or_unnamed_access_road,excluded_pending_owner_review
w476163308,w,476163308,parkany,unaddressed_building,,0,25,161.1,29.50362,46.86147,possible_missing_or_unnamed_access_road,excluded_pending_owner_review
w476163311,w,476163311,parkany,unaddressed_building,,0,25,156.1,29.50371,46.86134,possible_missing_or_unnamed_access_road,excluded_pending_owner_review
w476163318,w,476163318,parkany,unaddressed_building,,0,25,156.5,29.50368,46.86119,possible_missing_or_unnamed_access_road,excluded_pending_owner_review
w679917502,w,679917502,parkany,unaddressed_building,,0,25,155.4,29.5037,46.86108,possible_missing_or_unnamed_access_road,excluded_pending_owner_review
w637665916,w,637665916,parkany,unaddressed_building,,16,18,3200.9,29.49531,46.89145,possible_missing_or_unnamed_access_road,excluded_pending_owner_review
w637665917,w,637665917,parkany,unaddressed_building,,16,18,3178.6,29.49579,46.8913,possible_missing_or_unnamed_access_road,excluded_pending_owner_review
w689649979,w,689649979,parkany,unaddressed_building,,16,18,3164.2,29.49572,46.89115,possible_missing_or_unnamed_access_road,excluded_pending_owner_review
w694651546,w,694651546,parkany,unaddressed_building,,16,18,3188.7,29.49585,46.8914,possible_missing_or_unnamed_access_road,excluded_pending_owner_review
w694651547,w,694651547,parkany,unaddressed_building,,16,18,3196.4,29.49592,46.89148,possible_missing_or_unnamed_access_road,excluded_pending_owner_review
w694651548,w,694651548,parkany,unaddressed_building,,16,18,3204.4,29.49603,46.89157,possible_missing_or_unnamed_access_road,excluded_pending_owner_review
w694651549,w,694651549,parkany,unaddressed_building,,16,18,3213.1,29.49612,46.89167,possible_missing_or_unnamed_access_road,excluded_pending_owner_review
w694651550,w,694651550,parkany,unaddressed_building,,16,18,3219.0,29.49617,46.89173,possible_missing_or_unnamed_access_road,excluded_pending_owner_review
w694651551,w,694651551,parkany,unaddressed_building,,16,18,3229.1,29.49631,46.89185,possible_missing_or_unnamed_access_road,excluded_pending_owner_review
w694652987,w,694652987,parkany,unaddressed_building,,16,18,3244.5,29.49651,46.89202,possible_missing_or_unnamed_access_road,excluded_pending_owner_review
w694652988,w,694652988,parkany,unaddressed_building,,16,18,3228.6,29.49667,46.89189,possible_missing_or_unnamed_access_road,excluded_pending_owner_review
w694652989,w,694652989,parkany,unaddressed_building,,16,18,3150.0,29.49566,46.89101,possible_missing_or_unnamed_access_road,excluded_pending_owner_review
w823782581,w,823782581,parkany,unaddressed_building,,16,18,3273.9,29.49383,46.89197,possible_missing_or_unnamed_access_road,excluded_pending_owner_review
w823782582,w,823782582,parkany,unaddressed_building,,16,18,3272.1,29.49424,46.89199,possible_missing_or_unnamed_access_road,excluded_pending_owner_review
w823782583,w,823782583,parkany,unaddressed_building,,16,18,3268.5,29.49476,46.89201,possible_missing_or_unnamed_access_road,excluded_pending_owner_review
w823782584,w,823782584,parkany,unaddressed_building,,16,18,3268.6,29.49515,46.89205,possible_missing_or_unnamed_access_road,excluded_pending_owner_review
w823782585,w,823782585,parkany,unaddressed_building,,16,18,3256.9,29.49725,46.89224,possible_missing_or_unnamed_access_road,excluded_pending_owner_review
w823782586,w,823782586,parkany,unaddressed_building,,16,18,3306.7,29.4954,46.89242,possible_missing_or_unnamed_access_road,excluded_pending_owner_review
w115331346,w,115331346,bender_core,unaddressed_building,,42,17,435.7,29.48126,46.79731,possible_missing_or_unnamed_access_road,excluded_pending_owner_review
w115331389,w,115331389,bender_core,unaddressed_building,,42,17,469.4,29.48211,46.79739,possible_missing_or_unnamed_access_road,excluded_pending_owner_review
w115331397,w,115331397,bender_core,unaddressed_building,,42,17,442.0,29.48234,46.79773,possible_missing_or_unnamed_access_road,excluded_pending_owner_review
w115331478,w,115331478,bender_core,unaddressed_building,,42,17,410.4,29.4815,46.79801,possible_missing_or_unnamed_access_road,excluded_pending_owner_review
w115331514,w,115331514,bender_core,unaddressed_building,,42,17,413.2,29.48126,46.79767,possible_missing_or_unnamed_access_road,excluded_pending_owner_review
w310492782,w,310492782,bender_core,unaddressed_building,,42,17,499.0,29.48174,46.79498,possible_missing_or_unnamed_access_road,excluded_pending_owner_review
w316505551,w,316505551,bender_core,unaddressed_building,,42,17,462.2,29.48108,46.795,possible_missing_or_unnamed_access_road,excluded_pending_owner_review
w319384369,w,319384369,bender_core,unaddressed_building,,42,17,539.7,29.48174,46.79554,possible_missing_or_unnamed_access_road,excluded_pending_owner_review
w319384371,w,319384371,bender_core,unaddressed_building,,42,17,475.9,29.48258,46.79613,possible_missing_or_unnamed_access_road,excluded_pending_owner_review
w319384372,w,319384372,bender_core,unaddressed_building,,42,17,493.0,29.48251,46.79576,possible_missing_or_unnamed_access_road,excluded_pending_owner_review
w319384373,w,319384373,bender_core,unaddressed_building,,42,17,509.2,29.48188,46.7967,possible_missing_or_unnamed_access_road,excluded_pending_owner_review
w319384374,w,319384374,bender_core,unaddressed_building,,42,17,450.0,29.48273,46.79662,possible_missing_or_unnamed_access_road,excluded_pending_owner_review
w319384377,w,319384377,bender_core,unaddressed_building,,42,17,379.6,29.48391,46.7961,possible_missing_or_unnamed_access_road,excluded_pending_owner_review
w320187932,w,320187932,bender_core,unaddressed_building,,42,17,406.1,29.48345,46.79634,possible_missing_or_unnamed_access_road,excluded_pending_owner_review
w405112639,w,405112639,bender_core,unaddressed_building,,42,17,404.4,29.48361,46.79601,possible_missing_or_unnamed_access_road,excluded_pending_owner_review
w405112640,w,405112640,bender_core,unaddressed_building,,42,17,519.3,29.4822,46.79562,possible_missing_or_unnamed_access_road,excluded_pending_owner_review
w405112641,w,405112641,bender_core,unaddressed_building,,42,17,457.8,29.48292,46.79592,possible_missing_or_unnamed_access_road,excluded_pending_owner_review
w667705925,w,667705925,bender_lipcani,unaddressed_building,,122,17,186.5,29.48732,46.85238,possible_missing_or_unnamed_access_road,excluded_pending_owner_review
w667705926,w,667705926,bender_lipcani,unaddressed_building,,122,17,242.0,29.48799,46.85149,possible_missing_or_unnamed_access_road,excluded_pending_owner_review
w667705939,w,667705939,bender_lipcani,unaddressed_building,,122,17,214.4,29.48749,46.85127,possible_missing_or_unnamed_access_road,excluded_pending_owner_review
w679829740,w,679829740,bender_lipcani,unaddressed_building,,122,17,169.6,29.48688,46.85278,possible_missing_or_unnamed_access_road,excluded_pending_owner_review
w679829743,w,679829743,bender_lipcani,unaddressed_building,,122,17,155.6,29.48696,46.85217,possible_missing_or_unnamed_access_road,excluded_pending_owner_review
w679829744,w,679829744,bender_lipcani,unaddressed_building,,122,17,177.9,29.48724,46.85225,possible_missing_or_unnamed_access_road,excluded_pending_owner_review
w689628865,w,689628865,bender_lipcani,unaddressed_building,,122,17,222.0,29.48713,46.85074,possible_missing_or_unnamed_access_road,excluded_pending_owner_review
w689628866,w,689628866,bender_lipcani,unaddressed_building,,122,17,155.1,29.48644,46.85112,possible_missing_or_unnamed_access_road,excluded_pending_owner_review
w689628868,w,689628868,bender_lipcani,unaddressed_building,,122,17,182.6,29.4869,46.85112,possible_missing_or_unnamed_access_road,excluded_pending_owner_review
w689628869,w,689628869,bender_lipcani,unaddressed_building,,122,17,174.3,29.48686,46.85122,possible_missing_or_unnamed_access_road,excluded_pending_owner_review
w689628870,w,689628870,bender_lipcani,unaddressed_building,,122,17,266.2,29.48822,46.85125,possible_missing_or_unnamed_access_road,excluded_pending_owner_review
w689628871,w,689628871,bender_lipcani,unaddressed_building,,122,17,260.5,29.48793,46.85093,possible_missing_or_unnamed_access_road,excluded_pending_owner_review
w689628872,w,689628872,bender_lipcani,unaddressed_building,,122,17,172.1,29.48697,46.85271,possible_missing_or_unnamed_access_road,excluded_pending_owner_review
w689628873,w,689628873,bender_lipcani,unaddressed_building,,122,17,159.3,29.48624,46.85317,possible_missing_or_unnamed_access_road,excluded_pending_owner_review
w689629056,w,689629056,bender_lipcani,unaddressed_building,,122,17,164.0,29.48643,46.85311,possible_missing_or_unnamed_access_road,excluded_pending_owner_review
w689629057,w,689629057,bender_lipcani,unaddressed_building,,122,17,183.2,29.48659,46.85324,possible_missing_or_unnamed_access_road,excluded_pending_owner_review
w689629059,w,689629059,bender_lipcani,unaddressed_building,,122,17,175.1,29.4872,46.85184,possible_missing_or_unnamed_access_road,excluded_pending_owner_review
w589383532,w,589383532,protyagailovka,unaddressed_building,,34,17,163.0,29.43099,46.82396,possible_missing_or_unnamed_access_road,excluded_pending_owner_review
w589383533,w,589383533,protyagailovka,unaddressed_building,,34,17,169.5,29.43082,46.82397,possible_missing_or_unnamed_access_road,excluded_pending_owner_review
w589383534,w,589383534,protyagailovka,unaddressed_building,,34,17,156.4,29.43133,46.82382,possible_missing_or_unnamed_access_road,excluded_pending_owner_review
w589383535,w,589383535,protyagailovka,unaddressed_building,,34,17,188.5,29.4306,46.82387,possible_missing_or_unnamed_access_road,excluded_pending_owner_review
w589383536,w,589383536,protyagailovka,unaddressed_building,,34,17,185.3,29.43076,46.82383,possible_missing_or_unnamed_access_road,excluded_pending_owner_review
w589383537,w,589383537,protyagailovka,address,15,34,17,247.5,29.4303,46.82319,possible_missing_or_unnamed_access_road,excluded_pending_owner_review
w589383538,w,589383538,protyagailovka,address,13,34,17,233.1,29.43056,46.82333,possible_missing_or_unnamed_access_road,excluded_pending_owner_review
w589383539,w,589383539,protyagailovka,address,11,34,17,203.6,29.43097,46.82346,possible_missing_or_unnamed_access_road,excluded_pending_owner_review
w589383540,w,589383540,protyagailovka,unaddressed_building,,34,17,191.1,29.43096,46.82362,possible_missing_or_unnamed_access_road,excluded_pending_owner_review
w589383541,w,589383541,protyagailovka,address,9,34,17,173.7,29.43115,46.82371,possible_missing_or_unnamed_access_road,excluded_pending_owner_review
w589383542,w,589383542,protyagailovka,unaddressed_building,,34,17,158.8,29.43161,46.82361,possible_missing_or_unnamed_access_road,excluded_pending_owner_review
w589383543,w,589383543,protyagailovka,unaddressed_building,,34,17,207.0,29.43054,46.82369,possible_missing_or_unnamed_access_road,excluded_pending_owner_review
w589383544,w,589383544,protyagailovka,address,20,34,17,225.8,29.4303,46.82361,possible_missing_or_unnamed_access_road,excluded_pending_owner_review
w589383545,w,589383545,protyagailovka,address,22,34,17,246.7,29.42998,46.82353,possible_missing_or_unnamed_access_road,excluded_pending_owner_review
w589383546,w,589383546,protyagailovka,address,24,34,17,271.5,29.42973,46.82338,possible_missing_or_unnamed_access_road,excluded_pending_owner_review
w589383547,w,589383547,protyagailovka,unaddressed_building,,34,17,260.8,29.42978,46.82347,possible_missing_or_unnamed_access_road,excluded_pending_owner_review
w589383548,w,589383548,protyagailovka,unaddressed_building,,34,17,260.5,29.42998,46.82337,possible_missing_or_unnamed_access_road,excluded_pending_owner_review
n2457746129,n,2457746129,parkany,address,26,1,15,150.9,29.51365,46.84058,possible_missing_or_unnamed_access_road,excluded_pending_owner_review
n2457746130,n,2457746130,parkany,address,24,1,15,151.2,29.51375,46.84038,possible_missing_or_unnamed_access_road,excluded_pending_owner_review
n2457746131,n,2457746131,parkany,address,22,1,15,150.9,29.51384,46.8402,possible_missing_or_unnamed_access_road,excluded_pending_owner_review
n2457746132,n,2457746132,parkany,address,20,1,15,151.8,29.51394,46.83998,possible_missing_or_unnamed_access_road,excluded_pending_owner_review
n2457746133,n,2457746133,parkany,address,18,1,15,152.5,29.51402,46.83978,possible_missing_or_unnamed_access_road,excluded_pending_owner_review
n2457746134,n,2457746134,parkany,address,16,1,15,151.7,29.51415,46.83954,possible_missing_or_unnamed_access_road,excluded_pending_owner_review
n2457746135,n,2457746135,parkany,address,16,1,15,152.2,29.51422,46.83938,possible_missing_or_unnamed_access_road,excluded_pending_owner_review
n2457746136,n,2457746136,parkany,address,14,1,15,152.2,29.51428,46.83926,possible_missing_or_unnamed_access_road,excluded_pending_owner_review
n2457786463,n,2457786463,parkany,address,7,1,15,161.5,29.514,46.83931,possible_missing_or_unnamed_access_road,excluded_pending_owner_review
n2457786464,n,2457786464,parkany,address,9,1,15,153.6,29.51388,46.83952,possible_missing_or_unnamed_access_road,excluded_pending_owner_review
n5653832462,n,5653832462,parkany,address,7,1,15,155.4,29.51399,46.8392,possible_missing_or_unnamed_access_road,excluded_pending_owner_review
n5653835184,n,5653835184,parkany,address,9 А,1,15,155.5,29.51392,46.83934,possible_missing_or_unnamed_access_road,excluded_pending_owner_review
w287018462,w,287018462,parkany,unaddressed_building,,1,15,157.4,29.51395,46.83924,possible_missing_or_unnamed_access_road,excluded_pending_owner_review
w287643889,w,287643889,parkany,unaddressed_building,,1,15,158.9,29.51396,46.83935,possible_missing_or_unnamed_access_road,excluded_pending_owner_review
w294043319,w,294043319,parkany,unaddressed_building,,1,15,150.5,29.51382,46.8396,possible_missing_or_unnamed_access_road,excluded_pending_owner_review
w115331503,w,115331503,bender_core,unaddressed_building,,55,14,289.6,29.48323,46.80049,possible_missing_or_unnamed_access_road,excluded_pending_owner_review
w315035703,w,315035703,bender_core,unaddressed_building,,55,14,166.1,29.48598,46.79807,possible_missing_or_unnamed_access_road,excluded_pending_owner_review
w315035704,w,315035704,bender_core,unaddressed_building,,55,14,219.5,29.48515,46.79828,possible_missing_or_unnamed_access_road,excluded_pending_owner_review
w315035706,w,315035706,bender_core,unaddressed_building,,55,14,349.8,29.48361,46.79773,possible_missing_or_unnamed_access_road,excluded_pending_owner_review
w315035707,w,315035707,bender_core,unaddressed_building,,55,14,351.1,29.48371,46.79746,possible_missing_or_unnamed_access_road,excluded_pending_owner_review
w315035708,w,315035708,bender_core,unaddressed_building,,55,14,328.2,29.48364,46.79833,possible_missing_or_unnamed_access_road,excluded_pending_owner_review
w315035709,w,315035709,bender_core,unaddressed_building,,55,14,274.6,29.48463,46.79776,possible_missing_or_unnamed_access_road,excluded_pending_owner_review
w315035711,w,315035711,bender_core,unaddressed_building,,55,14,271.0,29.48454,46.79805,possible_missing_or_unnamed_access_road,excluded_pending_owner_review
w315035712,w,315035712,bender_core,unaddressed_building,,55,14,329.8,29.48369,46.79815,possible_missing_or_unnamed_access_road,excluded_pending_owner_review
w315035713,w,315035713,bender_core,unaddressed_building,,55,14,174.5,29.48575,46.79832,possible_missing_or_unnamed_access_road,excluded_pending_owner_review
w315036781,w,315036781,bender_core,unaddressed_building,,55,14,172.1,29.48503,46.80005,possible_missing_or_unnamed_access_road,excluded_pending_owner_review
w315036782,w,315036782,bender_core,unaddressed_building,,55,14,229.3,29.48416,46.80026,possible_missing_or_unnamed_access_road,excluded_pending_owner_review
w318122829,w,318122829,bender_core,unaddressed_building,,55,14,152.7,29.48576,46.79899,possible_missing_or_unnamed_access_road,excluded_pending_owner_review
w318122830,w,318122830,bender_core,unaddressed_building,,55,14,180.5,29.48514,46.79954,possible_missing_or_unnamed_access_road,excluded_pending_owner_review
w209267121,w,209267121,bender_lipcani,unaddressed_building,,65,13,231.3,29.48662,46.84179,possible_missing_or_unnamed_access_road,excluded_pending_owner_review
w209267123,w,209267123,bender_lipcani,unaddressed_building,,65,13,269.9,29.48664,46.84144,possible_missing_or_unnamed_access_road,excluded_pending_owner_review
w209267140,w,209267140,bender_lipcani,unaddressed_building,,65,13,250.9,29.48573,46.8415,possible_missing_or_unnamed_access_road,excluded_pending_owner_review
w209267150,w,209267150,bender_lipcani,unaddressed_building,,65,13,242.0,29.48592,46.84164,possible_missing_or_unnamed_access_road,excluded_pending_owner_review
w209267151,w,209267151,bender_lipcani,unaddressed_building,,65,13,209.2,29.48563,46.84188,possible_missing_or_unnamed_access_road,excluded_pending_owner_review
w209267186,w,209267186,bender_lipcani,unaddressed_building,,65,13,260.3,29.48433,46.84111,possible_missing_or_unnamed_access_road,excluded_pending_owner_review
w289999165,w,289999165,bender_lipcani,unaddressed_building,,65,13,441.7,29.48636,46.83983,possible_missing_or_unnamed_access_road,excluded_pending_owner_review
w293181402,w,293181402,bender_lipcani,unaddressed_building,,65,13,335.2,29.48594,46.84074,possible_missing_or_unnamed_access_road,excluded_pending_owner_review
w295150812,w,295150812,bender_lipcani,unaddressed_building,,65,13,367.7,29.48645,46.84054,possible_missing_or_unnamed_access_road,excluded_pending_owner_review
w295150813,w,295150813,bender_lipcani,unaddressed_building,,65,13,341.8,29.48713,46.84084,possible_missing_or_unnamed_access_road,excluded_pending_owner_review
w295150814,w,295150814,bender_lipcani,unaddressed_building,,65,13,347.7,29.48538,46.8405,possible_missing_or_unnamed_access_road,excluded_pending_owner_review
w295150943,w,295150943,bender_lipcani,unaddressed_building,,65,13,300.7,29.48479,46.84081,possible_missing_or_unnamed_access_road,excluded_pending_owner_review
w319146321,w,319146321,bender_lipcani,unaddressed_building,,65,13,339.7,29.48509,46.84051,possible_missing_or_unnamed_access_road,excluded_pending_owner_review
w184989566,w,184989566,bender_core,address,5,62,11,153.6,29.46511,46.82679,possible_missing_or_unnamed_access_road,excluded_pending_owner_review
w209654305,w,209654305,bender_core,unaddressed_building,,62,11,241.9,29.46705,46.826,possible_missing_or_unnamed_access_road,excluded_pending_owner_review
w209654321,w,209654321,bender_core,unaddressed_building,,62,11,165.5,29.4653,46.82711,possible_missing_or_unnamed_access_road,excluded_pending_owner_review
w209654328,w,209654328,bender_core,unaddressed_building,,62,11,239.7,29.46649,46.82649,possible_missing_or_unnamed_access_road,excluded_pending_owner_review
w209654344,w,209654344,bender_core,unaddressed_building,,62,11,238.3,29.46687,46.82632,possible_missing_or_unnamed_access_road,excluded_pending_owner_review
w209654367,w,209654367,bender_core,unaddressed_building,,62,11,243.7,29.467,46.82565,possible_missing_or_unnamed_access_road,excluded_pending_owner_review
w209654386,w,209654386,bender_core,unaddressed_building,,62,11,230.8,29.46611,46.82662,possible_missing_or_unnamed_access_road,excluded_pending_owner_review
w291296591,w,291296591,bender_core,unaddressed_building,,82,11,191.7,29.48009,46.83351,possible_missing_or_unnamed_access_road,excluded_pending_owner_review
w299339919,w,299339919,bender_core,unaddressed_building,,82,11,224.4,29.47838,46.83371,possible_missing_or_unnamed_access_road,excluded_pending_owner_review
w299339920,w,299339920,bender_core,unaddressed_building,,82,11,246.8,29.4797,46.83393,possible_missing_or_unnamed_access_road,excluded_pending_owner_review
w299409800,w,299409800,bender_core,unaddressed_building,,82,11,183.1,29.47779,46.83376,possible_missing_or_unnamed_access_road,excluded_pending_owner_review
w299409801,w,299409801,bender_core,unaddressed_building,,82,11,260.1,29.47877,46.83341,possible_missing_or_unnamed_access_road,excluded_pending_owner_review
w299956597,w,299956597,bender_core,unaddressed_building,,62,11,181.3,29.4667,46.82708,possible_missing_or_unnamed_access_road,excluded_pending_owner_review
w302370768,w,302370768,bender_core,unaddressed_building,,82,11,225.4,29.47849,46.83316,possible_missing_or_unnamed_access_road,excluded_pending_owner_review
w302370769,w,302370769,bender_core,unaddressed_building,,82,11,250.7,29.47932,46.83374,possible_missing_or_unnamed_access_road,excluded_pending_owner_review
w302370770,w,302370770,bender_core,unaddressed_building,,82,11,262.6,29.47907,46.83372,possible_missing_or_unnamed_access_road,excluded_pending_owner_review
w302370771,w,302370771,bender_core,address,1б,82,11,177.4,29.47834,46.83268,possible_missing_or_unnamed_access_road,excluded_pending_owner_review
w303916709,w,303916709,bender_core,unaddressed_building,,82,11,155.8,29.47772,46.83425,possible_missing_or_unnamed_access_road,excluded_pending_owner_review
w315807226,w,315807226,bender_core,unaddressed_building,,62,11,166.0,29.46598,46.82523,possible_missing_or_unnamed_access_road,excluded_pending_owner_review
w315807227,w,315807227,bender_core,unaddressed_building,,62,11,188.6,29.46633,46.82535,possible_missing_or_unnamed_access_road,excluded_pending_owner_review
w315807228,w,315807228,bender_core,unaddressed_building,,62,11,162.4,29.46506,46.82611,possible_missing_or_unnamed_access_road,excluded_pending_owner_review
w318087668,w,318087668,bender_core,unaddressed_building,,82,11,179.3,29.48088,46.83368,possible_missing_or_unnamed_access_road,excluded_pending_owner_review
n2457994828,n,2457994828,parkany,address,95,3,11,152.4,29.50793,46.84796,possible_missing_or_unnamed_access_road,excluded_pending_owner_review
n2457994833,n,2457994833,parkany,address,97,3,11,153.6,29.50778,46.84814,possible_missing_or_unnamed_access_road,excluded_pending_owner_review
n5653833912,n,5653833912,parkany,address,93,3,11,151.4,29.50789,46.84795,possible_missing_or_unnamed_access_road,excluded_pending_owner_review
n5653833913,n,5653833913,parkany,address,89,3,11,150.7,29.50805,46.84769,possible_missing_or_unnamed_access_road,excluded_pending_owner_review
n5653834431,n,5653834431,parkany,address,87,3,11,151.3,29.50819,46.84758,possible_missing_or_unnamed_access_road,excluded_pending_owner_review
n5653835180,n,5653835180,parkany,address,91,3,11,150.9,29.50796,46.84783,possible_missing_or_unnamed_access_road,excluded_pending_owner_review
w339250819,w,339250819,parkany,unaddressed_building,,3,11,151.1,29.50822,46.84755,possible_missing_or_unnamed_access_road,excluded_pending_owner_review
w409316698,w,409316698,parkany,unaddressed_building,,3,11,150.5,29.50818,46.84761,possible_missing_or_unnamed_access_road,excluded_pending_owner_review
w409316699,w,409316699,parkany,unaddressed_building,,3,11,151.1,29.5081,46.84764,possible_missing_or_unnamed_access_road,excluded_pending_owner_review
w409316701,w,409316701,parkany,unaddressed_building,,3,11,151.0,29.508,46.84778,possible_missing_or_unnamed_access_road,excluded_pending_owner_review
w409316704,w,409316704,parkany,unaddressed_building,,3,11,152.2,29.50785,46.84801,possible_missing_or_unnamed_access_road,excluded_pending_owner_review
w184982181,w,184982181,bender_core,address,107,40,10,234.1,29.45627,46.84511,possible_missing_or_unnamed_access_road,excluded_pending_owner_review
w352152741,w,352152741,bender_core,address,196,40,10,152.4,29.45642,46.84584,possible_missing_or_unnamed_access_road,excluded_pending_owner_review
w352152744,w,352152744,bender_core,address,194,40,10,164.6,29.4566,46.84573,possible_missing_or_unnamed_access_road,excluded_pending_owner_review
w352152746,w,352152746,bender_core,unaddressed_building,,40,10,160.2,29.45679,46.84578,possible_missing_or_unnamed_access_road,excluded_pending_owner_review
w352152748,w,352152748,bender_core,address,192,40,10,180.7,29.45679,46.8456,possible_missing_or_unnamed_access_road,excluded_pending_owner_review
w352152751,w,352152751,bender_core,unaddressed_building,,40,10,169.3,29.45683,46.8457,possible_missing_or_unnamed_access_road,excluded_pending_owner_review
w352152753,w,352152753,bender_core,unaddressed_building,,40,10,185.2,29.45701,46.84558,possible_missing_or_unnamed_access_road,excluded_pending_owner_review
w91850934,w,91850934,bender_core,address,109,40,10,251.2,29.45568,46.84473,possible_missing_or_unnamed_access_road,excluded_pending_owner_review
w91850938,w,91850938,bender_core,address,113,40,10,182.6,29.45535,46.84531,possible_missing_or_unnamed_access_road,excluded_pending_owner_review
w91850946,w,91850946,bender_core,address,111,40,10,193.3,29.4547,46.84506,possible_missing_or_unnamed_access_road,excluded_pending_owner_review
w299409685,w,299409685,bender_core,unaddressed_building,,89,9,222.3,29.48067,46.79193,possible_missing_or_unnamed_access_road,excluded_pending_owner_review
w310492786,w,310492786,bender_core,unaddressed_building,,89,9,166.1,29.48046,46.79144,possible_missing_or_unnamed_access_road,excluded_pending_owner_review
w315036776,w,315036776,bender_core,unaddressed_building,,89,9,270.8,29.4808,46.79236,possible_missing_or_unnamed_access_road,excluded_pending_owner_review
w316505552,w,316505552,bender_core,unaddressed_building,,89,9,301.3,29.48168,46.79251,possible_missing_or_unnamed_access_road,excluded_pending_owner_review
w316505554,w,316505554,bender_core,unaddressed_building,,89,9,172.0,29.48219,46.79124,possible_missing_or_unnamed_access_road,excluded_pending_owner_review
w319384364,w,319384364,bender_core,unaddressed_building,,89,9,283.5,29.48024,46.79278,possible_missing_or_unnamed_access_road,excluded_pending_owner_review
w319384366,w,319384366,bender_core,unaddressed_building,,89,9,261.1,29.47972,46.79317,possible_missing_or_unnamed_access_road,excluded_pending_owner_review
w450216786,w,450216786,bender_core,unaddressed_building,,89,9,179.6,29.4814,46.79143,possible_missing_or_unnamed_access_road,excluded_pending_owner_review
w450216787,w,450216787,bender_core,unaddressed_building,,89,9,343.9,29.4819,46.79287,possible_missing_or_unnamed_access_road,excluded_pending_owner_review
w115331463,w,115331463,bender_core,unaddressed_building,,51,8,271.1,29.48704,46.79148,possible_missing_or_unnamed_access_road,excluded_pending_owner_review
w115331471,w,115331471,bender_core,unaddressed_building,,51,8,339.9,29.48531,46.79236,possible_missing_or_unnamed_access_road,excluded_pending_owner_review
w115331490,w,115331490,bender_core,unaddressed_building,,51,8,213.0,29.48673,46.79099,possible_missing_or_unnamed_access_road,excluded_pending_owner_review
w115331491,w,115331491,bender_core,unaddressed_building,,51,8,232.6,29.48746,46.79106,possible_missing_or_unnamed_access_road,excluded_pending_owner_review
w222846764,w,222846764,bender_core,address,81а,39,8,198.0,29.45785,46.84242,possible_missing_or_unnamed_access_road,excluded_pending_owner_review
w222846765,w,222846765,bender_core,address,81б,39,8,327.0,29.45616,46.84213,possible_missing_or_unnamed_access_road,excluded_pending_owner_review
w297019391,w,297019391,bender_core,address,81в,39,8,300.4,29.45651,46.84279,possible_missing_or_unnamed_access_road,excluded_pending_owner_review
w315036774,w,315036774,bender_core,unaddressed_building,,51,8,159.1,29.48519,46.79071,possible_missing_or_unnamed_access_road,excluded_pending_owner_review
w318122856,w,318122856,bender_core,unaddressed_building,,51,8,182.6,29.48693,46.79068,possible_missing_or_unnamed_access_road,excluded_pending_owner_review
w318122859,w,318122859,bender_core,unaddressed_building,,51,8,219.5,29.48588,46.79117,possible_missing_or_unnamed_access_road,excluded_pending_owner_review
w318122860,w,318122860,bender_core,unaddressed_building,,51,8,295.2,29.48593,46.79186,possible_missing_or_unnamed_access_road,excluded_pending_owner_review
w319144124,w,319144124,bender_core,unaddressed_building,,108,8,205.7,29.45887,46.84464,possible_missing_or_unnamed_access_road,excluded_pending_owner_review
w352148100,w,352148100,bender_core,unaddressed_building,,39,8,233.3,29.45744,46.8432,possible_missing_or_unnamed_access_road,excluded_pending_owner_review
w352148101,w,352148101,bender_core,address,91,108,8,151.6,29.45897,46.84376,possible_missing_or_unnamed_access_road,excluded_pending_owner_review
w352148103,w,352148103,bender_core,address,93,108,8,177.9,29.45883,46.844,possible_missing_or_unnamed_access_road,excluded_pending_owner_review
w352149231,w,352149231,bender_core,address,95,108,8,206.5,29.4585,46.84413,possible_missing_or_unnamed_access_road,excluded_pending_owner_review
w352149232,w,352149232,bender_core,address,97,108,8,237.0,29.45818,46.8443,possible_missing_or_unnamed_access_road,excluded_pending_owner_review
w352149233,w,352149233,bender_core,address,99,108,8,262.3,29.45788,46.84442,possible_missing_or_unnamed_access_road,excluded_pending_owner_review
w352149234,w,352149234,bender_core,address,103,108,8,288.7,29.4576,46.84456,possible_missing_or_unnamed_access_road,excluded_pending_owner_review
w352149235,w,352149235,bender_core,address,101,108,8,275.6,29.45772,46.84447,possible_missing_or_unnamed_access_road,excluded_pending_owner_review
w352332843,w,352332843,bender_core,unaddressed_building,,39,8,243.4,29.45735,46.84334,possible_missing_or_unnamed_access_road,excluded_pending_owner_review
w405100249,w,405100249,bender_core,unaddressed_building,,39,8,242.1,29.45728,46.84274,possible_missing_or_unnamed_access_road,excluded_pending_owner_review
w91848272,w,91848272,bender_core,address,89,39,8,198.1,29.45793,46.84326,possible_missing_or_unnamed_access_road,excluded_pending_owner_review
w91848282,w,91848282,bender_core,address,87,39,8,161.8,29.45835,46.84299,possible_missing_or_unnamed_access_road,excluded_pending_owner_review
n4166288791,n,4166288791,bender_lipcani,address,6,57,8,271.8,29.47998,46.83914,possible_missing_or_unnamed_access_road,excluded_pending_owner_review
w161630386,w,161630386,bender_lipcani,unaddressed_building,,57,8,343.1,29.4797,46.83845,possible_missing_or_unnamed_access_road,excluded_pending_owner_review
w161630387,w,161630387,bender_lipcani,unaddressed_building,,57,8,394.8,29.47991,46.83799,possible_missing_or_unnamed_access_road,excluded_pending_owner_review
w161630388,w,161630388,bender_lipcani,unaddressed_building,,57,8,428.4,29.47997,46.8372,possible_missing_or_unnamed_access_road,excluded_pending_owner_review
w165762124,w,165762124,bender_lipcani,unaddressed_building,,57,8,308.1,29.47993,46.83879,possible_missing_or_unnamed_access_road,excluded_pending_owner_review
w319144234,w,319144234,bender_lipcani,unaddressed_building,,57,8,429.2,29.48036,46.83772,possible_missing_or_unnamed_access_road,excluded_pending_owner_review
w441422502,w,441422502,bender_lipcani,unaddressed_building,,57,8,251.6,29.48021,46.83933,possible_missing_or_unnamed_access_road,excluded_pending_owner_review
w644879858,w,644879858,bender_lipcani,unaddressed_building,,57,8,234.7,29.47989,46.83947,possible_missing_or_unnamed_access_road,excluded_pending_owner_review
w115331385,w,115331385,bender_core,unaddressed_building,,44,7,182.4,29.48837,46.79161,possible_missing_or_unnamed_access_road,excluded_pending_owner_review
w115331470,w,115331470,bender_core,unaddressed_building,,44,7,167.4,29.48873,46.79125,possible_missing_or_unnamed_access_road,excluded_pending_owner_review
w184989547,w,184989547,bender_core,address,5а/2,61,7,176.1,29.46631,46.82959,possible_missing_or_unnamed_access_road,excluded_pending_owner_review
w184989569,w,184989569,bender_core,address,5а,61,7,150.9,29.46544,46.82947,possible_missing_or_unnamed_access_road,excluded_pending_owner_review
w184989573,w,184989573,bender_core,unaddressed_building,,61,7,155.7,29.46694,46.82931,possible_missing_or_unnamed_access_road,excluded_pending_owner_review
w299409646,w,299409646,bender_core,unaddressed_building,,44,7,195.1,29.48779,46.79258,possible_missing_or_unnamed_access_road,excluded_pending_owner_review
w299409648,w,299409648,bender_core,unaddressed_building,,44,7,183.4,29.48775,46.79303,possible_missing_or_unnamed_access_road,excluded_pending_owner_review
w315807319,w,315807319,bender_core,unaddressed_building,,61,7,174.4,29.46636,46.82878,possible_missing_or_unnamed_access_road,excluded_pending_owner_review
w315807320,w,315807320,bender_core,unaddressed_building,,61,7,175.5,29.46621,46.82845,possible_missing_or_unnamed_access_road,excluded_pending_owner_review
w315807321,w,315807321,bender_core,unaddressed_building,,61,7,150.7,29.46662,46.82864,possible_missing_or_unnamed_access_road,excluded_pending_owner_review
w317055535,w,317055535,bender_core,unaddressed_building,,61,7,183.3,29.46678,46.82989,possible_missing_or_unnamed_access_road,excluded_pending_owner_review
w318122853,w,318122853,bender_core,unaddressed_building,,44,7,169.9,29.48829,46.79219,possible_missing_or_unnamed_access_road,excluded_pending_owner_review
w318122854,w,318122854,bender_core,unaddressed_building,,44,7,218.0,29.48767,46.79211,possible_missing_or_unnamed_access_road,excluded_pending_owner_review
w405171330,w,405171330,bender_core,unaddressed_building,,44,7,253.6,29.48687,46.79285,possible_missing_or_unnamed_access_road,excluded_pending_owner_review
n4886201817,n,4886201817,giska,address,2 Б,26,7,418.5,29.46942,46.78377,possible_missing_or_unnamed_access_road,excluded_pending_owner_review
w531635826,w,531635826,giska,unaddressed_building,,26,7,420.2,29.46949,46.78358,possible_missing_or_unnamed_access_road,excluded_pending_owner_review
w531635827,w,531635827,giska,unaddressed_building,,26,7,354.5,29.46846,46.78405,possible_missing_or_unnamed_access_road,excluded_pending_owner_review
w531635828,w,531635828,giska,unaddressed_building,,26,7,383.6,29.46884,46.78409,possible_missing_or_unnamed_access_road,excluded_pending_owner_review
w531635829,w,531635829,giska,unaddressed_building,,26,7,363.6,29.46864,46.7839,possible_missing_or_unnamed_access_road,excluded_pending_owner_review
w531635830,w,531635830,giska,unaddressed_building,,26,7,410.2,29.46924,46.78399,possible_missing_or_unnamed_access_road,excluded_pending_owner_review
w531635831,w,531635831,giska,unaddressed_building,,26,7,294.1,29.46759,46.78409,possible_missing_or_unnamed_access_road,excluded_pending_owner_review
w284980002,w,284980002,parkany,unaddressed_building,,10,6,210.1,29.5304,46.83581,possible_missing_or_unnamed_access_road,excluded_pending_owner_review
w284980003,w,284980003,parkany,unaddressed_building,,10,6,216.0,29.53055,46.83553,possible_missing_or_unnamed_access_road,excluded_pending_owner_review
w285194656,w,285194656,parkany,unaddressed_building,,10,6,213.2,29.53067,46.83497,possible_missing_or_unnamed_access_road,excluded_pending_owner_review
w285194657,w,285194657,parkany,unaddressed_building,,10,6,162.7,29.52987,46.83541,possible_missing_or_unnamed_access_road,excluded_pending_owner_review
w285194658,w,285194658,parkany,unaddressed_building,,10,6,216.1,29.53059,46.83541,possible_missing_or_unnamed_access_road,excluded_pending_owner_review
w285194659,w,285194659,parkany,unaddressed_building,,10,6,155.9,29.5298,46.83536,possible_missing_or_unnamed_access_road,excluded_pending_owner_review
w209654309,w,209654309,bender_core,unaddressed_building,,69,5,203.7,29.4721,46.80547,possible_missing_or_unnamed_access_road,excluded_pending_owner_review
w209654370,w,209654370,bender_core,unaddressed_building,,69,5,170.2,29.47239,46.8057,possible_missing_or_unnamed_access_road,excluded_pending_owner_review
w302370525,w,302370525,bender_core,unaddressed_building,,91,5,173.1,29.47423,46.83268,possible_missing_or_unnamed_access_road,excluded_pending_owner_review
w302370526,w,302370526,bender_core,unaddressed_building,,91,5,167.2,29.47485,46.83326,possible_missing_or_unnamed_access_road,excluded_pending_owner_review
w302370527,w,302370527,bender_core,unaddressed_building,,91,5,183.4,29.47443,46.83315,possible_missing_or_unnamed_access_road,excluded_pending_owner_review
w302370529,w,302370529,bender_core,unaddressed_building,,91,5,164.4,29.47418,46.83227,possible_missing_or_unnamed_access_road,excluded_pending_owner_review
w306218561,w,306218561,bender_core,unaddressed_building,,93,5,172.3,29.47687,46.80495,possible_missing_or_unnamed_access_road,excluded_pending_owner_review
w306218562,w,306218562,bender_core,unaddressed_building,,93,5,193.8,29.47729,46.80496,possible_missing_or_unnamed_access_road,excluded_pending_owner_review
w306218563,w,306218563,bender_core,unaddressed_building,,93,5,211.6,29.47755,46.80493,possible_missing_or_unnamed_access_road,excluded_pending_owner_review
w306219495,w,306219495,bender_core,unaddressed_building,,91,5,167.6,29.47417,46.83356,possible_missing_or_unnamed_access_road,excluded_pending_owner_review
w310492783,w,310492783,bender_core,unaddressed_building,,98,5,430.0,29.48374,46.7949,possible_missing_or_unnamed_access_road,excluded_pending_owner_review
w315037908,w,315037908,bender_core,unaddressed_building,,93,5,212.6,29.47747,46.80425,possible_missing_or_unnamed_access_road,excluded_pending_owner_review
w315037909,w,315037909,bender_core,unaddressed_building,,93,5,167.2,29.4781,46.80417,possible_missing_or_unnamed_access_road,excluded_pending_owner_review
w318563457,w,318563457,bender_core,unaddressed_building,,98,5,335.8,29.48499,46.79495,possible_missing_or_unnamed_access_road,excluded_pending_owner_review
w318563458,w,318563458,bender_core,unaddressed_building,,98,5,302.1,29.48542,46.79502,possible_missing_or_unnamed_access_road,excluded_pending_owner_review
w319384368,w,319384368,bender_core,unaddressed_building,,98,5,392.3,29.48427,46.79484,possible_missing_or_unnamed_access_road,excluded_pending_owner_review
w319384378,w,319384378,bender_core,unaddressed_building,,98,5,469.4,29.48321,46.79487,possible_missing_or_unnamed_access_road,excluded_pending_owner_review
w320186740,w,320186740,bender_core,unaddressed_building,,69,5,224.2,29.47211,46.80521,possible_missing_or_unnamed_access_road,excluded_pending_owner_review
w320186743,w,320186743,bender_core,unaddressed_building,,69,5,219.7,29.47195,46.80537,possible_missing_or_unnamed_access_road,excluded_pending_owner_review
w320186744,w,320186744,bender_core,unaddressed_building,,69,5,234.8,29.47181,46.80528,possible_missing_or_unnamed_access_road,excluded_pending_owner_review
w209267116,w,209267116,bender_lipcani,unaddressed_building,,64,5,189.4,29.47707,46.83883,possible_missing_or_unnamed_access_road,excluded_pending_owner_review
w209267128,w,209267128,bender_lipcani,unaddressed_building,,64,5,250.0,29.47746,46.83835,possible_missing_or_unnamed_access_road,excluded_pending_owner_review
w209267153,w,209267153,bender_lipcani,unaddressed_building,,64,5,269.0,29.47798,46.83837,possible_missing_or_unnamed_access_road,excluded_pending_owner_review
w293181405,w,293181405,bender_lipcani,unaddressed_building,,84,5,341.3,29.48174,46.8387,possible_missing_or_unnamed_access_road,excluded_pending_owner_review
w295024416,w,295024416,bender_lipcani,unaddressed_building,,84,5,239.9,29.48163,46.83966,possible_missing_or_unnamed_access_road,excluded_pending_owner_review
w295024422,w,295024422,bender_lipcani,unaddressed_building,,84,5,304.7,29.48248,46.83932,possible_missing_or_unnamed_access_road,excluded_pending_owner_review
w295150810,w,295150810,bender_lipcani,unaddressed_building,,84,5,247.5,29.48224,46.83985,possible_missing_or_unnamed_access_road,excluded_pending_owner_review
w297047593,w,297047593,bender_lipcani,unaddressed_building,,84,5,372.5,29.48259,46.83865,possible_missing_or_unnamed_access_road,excluded_pending_owner_review
w319144224,w,319144224,bender_lipcani,unaddressed_building,,64,5,161.0,29.47703,46.83911,possible_missing_or_unnamed_access_road,excluded_pending_owner_review
w319144225,w,319144225,bender_lipcani,unaddressed_building,,64,5,253.8,29.47732,46.83827,possible_missing_or_unnamed_access_road,excluded_pending_owner_review
w531692380,w,531692380,giska,unaddressed_building,,27,5,178.6,29.45876,46.7818,possible_missing_or_unnamed_access_road,excluded_pending_owner_review
w531692381,w,531692381,giska,unaddressed_building,,27,5,185.4,29.45882,46.78172,possible_missing_or_unnamed_access_road,excluded_pending_owner_review
w531692382,w,531692382,giska,unaddressed_building,,27,5,162.8,29.459,46.7819,possible_missing_or_unnamed_access_road,excluded_pending_owner_review
w531692383,w,531692383,giska,unaddressed_building,,27,5,181.6,29.45928,46.78168,possible_missing_or_unnamed_access_road,excluded_pending_owner_review
w531692384,w,531692384,giska,unaddressed_building,,27,5,181.8,29.4598,46.78165,possible_missing_or_unnamed_access_road,excluded_pending_owner_review
w589392318,w,589392318,giska,unaddressed_building,,30,5,475.5,29.41043,46.79339,possible_missing_or_unnamed_access_road,excluded_pending_owner_review
w589392320,w,589392320,giska,unaddressed_building,,30,5,458.6,29.40987,46.79334,possible_missing_or_unnamed_access_road,excluded_pending_owner_review
w589392322,w,589392322,giska,unaddressed_building,,30,5,553.4,29.41081,46.79405,possible_missing_or_unnamed_access_road,excluded_pending_owner_review
w589392323,w,589392323,giska,unaddressed_building,,30,5,461.9,29.41119,46.79304,possible_missing_or_unnamed_access_road,excluded_pending_owner_review
w589392325,w,589392325,giska,unaddressed_building,,30,5,626.8,29.41083,46.79474,possible_missing_or_unnamed_access_road,excluded_pending_owner_review
w285071046,w,285071046,protyagailovka,unaddressed_building,,32,5,203.1,29.43562,46.83002,possible_missing_or_unnamed_access_road,excluded_pending_owner_review
w285071047,w,285071047,protyagailovka,unaddressed_building,,32,5,203.8,29.43721,46.82921,possible_missing_or_unnamed_access_road,excluded_pending_owner_review
w285071050,w,285071050,protyagailovka,unaddressed_building,,32,5,178.6,29.43773,46.82865,possible_missing_or_unnamed_access_road,excluded_pending_owner_review
w426526610,w,426526610,protyagailovka,unaddressed_building,,32,5,181.8,29.43633,46.82941,possible_missing_or_unnamed_access_road,excluded_pending_owner_review
w428711639,w,428711639,protyagailovka,unaddressed_building,,32,5,241.1,29.43649,46.83,possible_missing_or_unnamed_access_road,excluded_pending_owner_review
w209267115,w,209267115,bender_core,unaddressed_building,,63,4,171.8,29.47502,46.83818,isolated_no_delivery_candidate,excluded_pending_owner_review
w209654343,w,209654343,bender_core,unaddressed_building,,35,4,167.7,29.47387,46.80489,isolated_no_delivery_candidate,excluded_pending_owner_review
w297019346,w,297019346,bender_core,unaddressed_building,,88,4,171.8,29.45237,46.83548,isolated_no_delivery_candidate,excluded_pending_owner_review
w306220581,w,306220581,bender_core,unaddressed_building,,63,4,175.5,29.47527,46.83833,isolated_no_delivery_candidate,excluded_pending_owner_review
w310492777,w,310492777,bender_core,unaddressed_building,,94,4,222.7,29.47944,46.80029,isolated_no_delivery_candidate,excluded_pending_owner_review
w315036785,w,315036785,bender_core,unaddressed_building,,35,4,255.4,29.47418,46.80395,isolated_no_delivery_candidate,excluded_pending_owner_review
w315036786,w,315036786,bender_core,unaddressed_building,,35,4,286.4,29.47387,46.80374,isolated_no_delivery_candidate,excluded_pending_owner_review
w318701787,w,318701787,bender_core,unaddressed_building,,63,4,162.4,29.47485,46.83812,isolated_no_delivery_candidate,excluded_pending_owner_review
w318701788,w,318701788,bender_core,unaddressed_building,,63,4,156.0,29.47472,46.83807,isolated_no_delivery_candidate,excluded_pending_owner_review
w320275317,w,320275317,bender_core,unaddressed_building,,94,4,223.1,29.47925,46.80061,isolated_no_delivery_candidate,excluded_pending_owner_review
w320287444,w,320287444,bender_core,unaddressed_building,,94,4,268.8,29.48014,46.80088,isolated_no_delivery_candidate,excluded_pending_owner_review
w352670638,w,352670638,bender_core,unaddressed_building,,88,4,210.6,29.45233,46.835,isolated_no_delivery_candidate,excluded_pending_owner_review
w352670639,w,352670639,bender_core,unaddressed_building,,88,4,165.9,29.45291,46.83517,isolated_no_delivery_candidate,excluded_pending_owner_review
w352670640,w,352670640,bender_core,unaddressed_building,,88,4,199.7,29.45175,46.83556,isolated_no_delivery_candidate,excluded_pending_owner_review
w41844125,w,41844125,bender_core,address,3,35,4,217.2,29.47396,46.80439,isolated_no_delivery_candidate,excluded_pending_owner_review
w707606986,w,707606986,bender_core,unaddressed_building,,94,4,241.5,29.47998,46.80112,isolated_no_delivery_candidate,excluded_pending_owner_review
w461204232,w,461204232,giska,unaddressed_building,,25,4,206.5,29.47417,46.78855,isolated_no_delivery_candidate,excluded_pending_owner_review
w531453713,w,531453713,giska,unaddressed_building,,25,4,195.4,29.47404,46.78864,isolated_no_delivery_candidate,excluded_pending_owner_review
w707610574,w,707610574,giska,unaddressed_building,,25,4,150.2,29.47353,46.78915,isolated_no_delivery_candidate,excluded_pending_owner_review
w707610576,w,707610576,giska,unaddressed_building,,25,4,163.9,29.47364,46.78873,isolated_no_delivery_candidate,excluded_pending_owner_review
n5653833606,n,5653833606,parkany,address,77,4,4,151.8,29.50913,46.84651,isolated_no_delivery_candidate,excluded_pending_owner_review
w284660839,w,284660839,parkany,unaddressed_building,,5,4,235.9,29.52801,46.83783,isolated_no_delivery_candidate,excluded_pending_owner_review
w284660843,w,284660843,parkany,unaddressed_building,,5,4,155.3,29.52831,46.83703,isolated_no_delivery_candidate,excluded_pending_owner_review
w284660844,w,284660844,parkany,unaddressed_building,,5,4,175.1,29.52792,46.83728,isolated_no_delivery_candidate,excluded_pending_owner_review
w284660845,w,284660845,parkany,unaddressed_building,,5,4,191.6,29.52826,46.83739,isolated_no_delivery_candidate,excluded_pending_owner_review
w320431685,w,320431685,parkany,unaddressed_building,,4,4,151.1,29.50913,46.84653,isolated_no_delivery_candidate,excluded_pending_owner_review
w320431689,w,320431689,parkany,unaddressed_building,,4,4,151.3,29.50885,46.84684,isolated_no_delivery_candidate,excluded_pending_owner_review
w320431690,w,320431690,parkany,unaddressed_building,,4,4,159.6,29.50884,46.8467,isolated_no_delivery_candidate,excluded_pending_owner_review
w477548340,w,477548340,protyagailovka,unaddressed_building,,33,4,154.4,29.43824,46.83135,isolated_no_delivery_candidate,excluded_pending_owner_review
w477548347,w,477548347,protyagailovka,unaddressed_building,,33,4,158.3,29.4378,46.832,isolated_no_delivery_candidate,excluded_pending_owner_review
w477548348,w,477548348,protyagailovka,unaddressed_building,,33,4,170.8,29.43763,46.83198,isolated_no_delivery_candidate,excluded_pending_owner_review
w477548349,w,477548349,protyagailovka,unaddressed_building,,33,4,159.9,29.43784,46.83189,isolated_no_delivery_candidate,excluded_pending_owner_review
w115331350,w,115331350,bender_core,address,4,43,3,181.0,29.49354,46.78456,isolated_no_delivery_candidate,excluded_pending_owner_review
w115331417,w,115331417,bender_core,address,8,43,3,240.1,29.49273,46.78378,isolated_no_delivery_candidate,excluded_pending_owner_review
w115331504,w,115331504,bender_core,unaddressed_building,,56,3,201.2,29.48106,46.80152,isolated_no_delivery_candidate,excluded_pending_owner_review
w209654417,w,209654417,bender_core,unaddressed_building,,56,3,247.7,29.48139,46.80111,isolated_no_delivery_candidate,excluded_pending_owner_review
w209654419,w,209654419,bender_core,unaddressed_building,,56,3,162.5,29.48097,46.80187,isolated_no_delivery_candidate,excluded_pending_owner_review
w222637950,w,222637950,bender_core,address,6,43,3,240.3,29.49357,46.78398,isolated_no_delivery_candidate,excluded_pending_owner_review
w222802641,w,222802641,bender_core,unaddressed_building,,73,3,214.4,29.48572,46.79715,isolated_no_delivery_candidate,excluded_pending_owner_review
w224364417,w,224364417,bender_core,unaddressed_building,,76,3,195.0,29.47795,46.80632,isolated_no_delivery_candidate,excluded_pending_owner_review
w306499900,w,306499900,bender_core,unaddressed_building,,73,3,169.2,29.4866,46.79655,isolated_no_delivery_candidate,excluded_pending_owner_review
w307843686,w,307843686,bender_core,unaddressed_building,,76,3,184.2,29.47779,46.80609,isolated_no_delivery_candidate,excluded_pending_owner_review
w307843687,w,307843687,bender_core,unaddressed_building,,76,3,189.2,29.47777,46.80567,isolated_no_delivery_candidate,excluded_pending_owner_review
w315036784,w,315036784,bender_core,unaddressed_building,,101,3,218.4,29.47591,46.80417,isolated_no_delivery_candidate,excluded_pending_owner_review
w316026059,w,316026059,bender_core,unaddressed_building,,104,3,214.5,29.47075,46.84776,isolated_no_delivery_candidate,excluded_pending_owner_review
w316026063,w,316026063,bender_core,unaddressed_building,,104,3,155.2,29.4699,46.84773,isolated_no_delivery_candidate,excluded_pending_owner_review
w319384375,w,319384375,bender_core,unaddressed_building,,73,3,183.5,29.48627,46.79687,isolated_no_delivery_candidate,excluded_pending_owner_review
w320185193,w,320185193,bender_core,unaddressed_building,,101,3,171.4,29.47556,46.80457,isolated_no_delivery_candidate,excluded_pending_owner_review
w352151072,w,352151072,bender_core,unaddressed_building,,116,3,169.2,29.45826,46.84171,isolated_no_delivery_candidate,excluded_pending_owner_review
w352151074,w,352151074,bender_core,unaddressed_building,,116,3,154.4,29.45848,46.8413,isolated_no_delivery_candidate,excluded_pending_owner_review
w352155390,w,352155390,bender_core,unaddressed_building,,116,3,201.5,29.45785,46.84135,isolated_no_delivery_candidate,excluded_pending_owner_review
w481679930,w,481679930,bender_core,unaddressed_building,,101,3,197.5,29.47528,46.80433,isolated_no_delivery_candidate,excluded_pending_owner_review
w788926728,w,788926728,bender_core,unaddressed_building,,104,3,163.7,29.47049,46.84713,isolated_no_delivery_candidate,excluded_pending_owner_review
n457637238,n,457637238,bender_lipcani,address,1,59,3,218.4,29.47864,46.83958,isolated_no_delivery_candidate,excluded_pending_owner_review
w165762120,w,165762120,bender_lipcani,unaddressed_building,,59,3,152.1,29.47828,46.84029,isolated_no_delivery_candidate,excluded_pending_owner_review
w165762126,w,165762126,bender_lipcani,unaddressed_building,,59,3,212.6,29.47856,46.83965,isolated_no_delivery_candidate,excluded_pending_owner_review
w319144239,w,319144239,bender_lipcani,unaddressed_building,,109,3,569.0,29.48862,46.839,isolated_no_delivery_candidate,excluded_pending_owner_review
w319146323,w,319146323,bender_lipcani,unaddressed_building,,109,3,563.7,29.48786,46.8389,isolated_no_delivery_candidate,excluded_pending_owner_review
w797085134,w,797085134,bender_lipcani,unaddressed_building,,109,3,645.2,29.48876,46.8383,isolated_no_delivery_candidate,excluded_pending_owner_review
w1354934532,w,1354934532,giska,unaddressed_building,,20,3,300.7,29.45823,46.80261,isolated_no_delivery_candidate,excluded_pending_owner_review
w222870842,w,222870842,giska,address,20/3,17,3,403.7,29.44695,46.79918,isolated_no_delivery_candidate,excluded_pending_owner_review
w222870843,w,222870843,giska,address,20/2,17,3,391.7,29.44747,46.79922,isolated_no_delivery_candidate,excluded_pending_owner_review
w255716280,w,255716280,giska,unaddressed_building,,17,3,449.1,29.44687,46.79961,isolated_no_delivery_candidate,excluded_pending_owner_review
w315037921,w,315037921,giska,unaddressed_building,,20,3,216.0,29.45961,46.8027,isolated_no_delivery_candidate,excluded_pending_owner_review
w315037922,w,315037922,giska,unaddressed_building,,20,3,242.0,29.45907,46.80255,isolated_no_delivery_candidate,excluded_pending_owner_review
w405169676,w,405169676,giska,unaddressed_building,,22,3,161.1,29.47538,46.78903,isolated_no_delivery_candidate,excluded_pending_owner_review
w405169678,w,405169678,giska,unaddressed_building,,22,3,185.6,29.47535,46.78881,isolated_no_delivery_candidate,excluded_pending_owner_review
w406631304,w,406631304,giska,address,56,22,3,175.4,29.47553,46.78836,isolated_no_delivery_candidate,excluded_pending_owner_review
n2457786482,n,2457786482,parkany,address,47,2,3,150.2,29.51218,46.84295,isolated_no_delivery_candidate,excluded_pending_owner_review
n2457786483,n,2457786483,parkany,address,49,2,3,151.3,29.51207,46.84313,isolated_no_delivery_candidate,excluded_pending_owner_review
w304873380,w,304873380,parkany,unaddressed_building,,2,3,154.7,29.51215,46.84308,isolated_no_delivery_candidate,excluded_pending_owner_review
w103992687,w,103992687,bender_core,address,23,41,2,164.3,29.45396,46.83458,isolated_no_delivery_candidate,excluded_pending_owner_review
w103992695,w,103992695,bender_core,address,21,41,2,152.7,29.45382,46.8343,isolated_no_delivery_candidate,excluded_pending_owner_review
w115331458,w,115331458,bender_core,unaddressed_building,,50,2,280.2,29.48279,46.79216,isolated_no_delivery_candidate,excluded_pending_owner_review
w295115438,w,295115438,bender_core,unaddressed_building,,86,2,170.4,29.48578,46.83157,isolated_no_delivery_candidate,excluded_pending_owner_review
w295115439,w,295115439,bender_core,unaddressed_building,,86,2,199.1,29.48532,46.8314,isolated_no_delivery_candidate,excluded_pending_owner_review
w310492778,w,310492778,bender_core,unaddressed_building,,95,2,193.7,29.47889,46.79881,isolated_no_delivery_candidate,excluded_pending_owner_review
w310492780,w,310492780,bender_core,unaddressed_building,,97,2,443.8,29.47922,46.79605,isolated_no_delivery_candidate,excluded_pending_owner_review
w310492781,w,310492781,bender_core,unaddressed_building,,97,2,419.6,29.47977,46.79652,isolated_no_delivery_candidate,excluded_pending_owner_review
w315035722,w,315035722,bender_core,unaddressed_building,,50,2,300.7,29.48368,46.79222,isolated_no_delivery_candidate,excluded_pending_owner_review
w316026061,w,316026061,bender_core,unaddressed_building,,106,2,242.6,29.47107,46.84883,isolated_no_delivery_candidate,excluded_pending_owner_review
w316026066,w,316026066,bender_core,unaddressed_building,,106,2,183.5,29.47023,46.84869,isolated_no_delivery_candidate,excluded_pending_owner_review
w342059481,w,342059481,bender_core,unaddressed_building,,114,2,169.2,29.501,46.79448,isolated_no_delivery_candidate,excluded_pending_owner_review
w587039250,w,587039250,bender_core,unaddressed_building,,114,2,222.5,29.50188,46.79462,isolated_no_delivery_candidate,excluded_pending_owner_review
w698278132,w,698278132,bender_core,unaddressed_building,,123,2,293.4,29.48895,46.83362,isolated_no_delivery_candidate,excluded_pending_owner_review
w707606985,w,707606985,bender_core,unaddressed_building,,95,2,202.3,29.47917,46.79905,isolated_no_delivery_candidate,excluded_pending_owner_review
w807752194,w,807752194,bender_core,unaddressed_building,,123,2,229.9,29.48916,46.83298,isolated_no_delivery_candidate,excluded_pending_owner_review
w286955639,w,286955639,bender_lipcani,unaddressed_building,,78,2,585.7,29.48595,46.83806,isolated_no_delivery_candidate,excluded_pending_owner_review
w289999164,w,289999164,bender_lipcani,unaddressed_building,,78,2,538.3,29.48592,46.83872,isolated_no_delivery_candidate,excluded_pending_owner_review
w222870844,w,222870844,giska,address,20/1,18,2,267.7,29.44772,46.79807,isolated_no_delivery_candidate,excluded_pending_owner_review
w255703825,w,255703825,giska,unaddressed_building,,18,2,282.8,29.44725,46.79803,isolated_no_delivery_candidate,excluded_pending_owner_review
w531692387,w,531692387,giska,unaddressed_building,,28,2,161.3,29.45759,46.78282,isolated_no_delivery_candidate,excluded_pending_owner_review
w531692388,w,531692388,giska,unaddressed_building,,28,2,163.1,29.45765,46.78267,isolated_no_delivery_candidate,excluded_pending_owner_review
w284660842,w,284660842,parkany,unaddressed_building,,6,2,171.7,29.52683,46.83717,isolated_no_delivery_candidate,excluded_pending_owner_review
w284829135,w,284829135,parkany,unaddressed_building,,8,2,231.9,29.52921,46.84313,isolated_no_delivery_candidate,excluded_pending_owner_review
w284829137,w,284829137,parkany,unaddressed_building,,8,2,274.6,29.52993,46.84319,isolated_no_delivery_candidate,excluded_pending_owner_review
w284981840,w,284981840,parkany,unaddressed_building,,6,2,155.8,29.52656,46.83765,isolated_no_delivery_candidate,excluded_pending_owner_review
w115331406,w,115331406,bender_core,unaddressed_building,,45,1,166.8,29.48474,46.80089,isolated_no_delivery_candidate,excluded_pending_owner_review
w115331413,w,115331413,bender_core,address,10,46,1,218.8,29.48692,46.7939,isolated_no_delivery_candidate,excluded_pending_owner_review
w115331416,w,115331416,bender_core,unaddressed_building,,47,1,405.4,29.48101,46.79424,isolated_no_delivery_candidate,excluded_pending_owner_review
w115331441,w,115331441,bender_core,address,10,48,1,218.2,29.49156,46.78381,isolated_no_delivery_candidate,excluded_pending_owner_review
w115331456,w,115331456,bender_core,unaddressed_building,,49,1,406.1,29.48367,46.7932,isolated_no_delivery_candidate,excluded_pending_owner_review
w115331467,w,115331467,bender_core,address,12,52,1,197.0,29.49038,46.78385,isolated_no_delivery_candidate,excluded_pending_owner_review
w115331474,w,115331474,bender_core,unaddressed_building,,53,1,175.0,29.48699,46.79545,isolated_no_delivery_candidate,excluded_pending_owner_review
w115331494,w,115331494,bender_core,unaddressed_building,,54,1,430.3,29.48198,46.79366,isolated_no_delivery_candidate,excluded_pending_owner_review
w165631116,w,165631116,bender_core,unaddressed_building,,58,1,167.4,29.47926,46.83179,isolated_no_delivery_candidate,excluded_pending_owner_review
w184982168,w,184982168,bender_core,unaddressed_building,,60,1,160.7,29.45325,46.84552,isolated_no_delivery_candidate,excluded_pending_owner_review
w209287625,w,209287625,bender_core,address,8а,67,1,196.8,29.45242,46.83015,isolated_no_delivery_candidate,excluded_pending_owner_review
w209654281,w,209654281,bender_core,unaddressed_building,,68,1,243.1,29.47279,46.80456,isolated_no_delivery_candidate,excluded_pending_owner_review
w209654358,w,209654358,bender_core,unaddressed_building,,70,1,221.3,29.47094,46.806,isolated_no_delivery_candidate,excluded_pending_owner_review
w209654361,w,209654361,bender_core,unaddressed_building,,71,1,152.1,29.47071,46.807,isolated_no_delivery_candidate,excluded_pending_owner_review
w209654426,w,209654426,bender_core,unaddressed_building,,72,1,233.8,29.48282,46.8013,isolated_no_delivery_candidate,excluded_pending_owner_review
w223883584,w,223883584,bender_core,unaddressed_building,,74,1,152.7,29.45847,46.81375,isolated_no_delivery_candidate,excluded_pending_owner_review
w224357232,w,224357232,bender_core,unaddressed_building,,75,1,205.4,29.45592,46.81583,isolated_no_delivery_candidate,excluded_pending_owner_review
w285071410,w,285071410,bender_core,unaddressed_building,,77,1,193.5,29.457,46.81584,isolated_no_delivery_candidate,excluded_pending_owner_review
w299409799,w,299409799,bender_core,unaddressed_building,,90,1,175.7,29.47688,46.83325,isolated_no_delivery_candidate,excluded_pending_owner_review
w305769871,w,305769871,bender_core,unaddressed_building,,92,1,373.8,29.48249,46.79954,isolated_no_delivery_candidate,excluded_pending_owner_review
w310492779,w,310492779,bender_core,unaddressed_building,,96,1,232.8,29.47847,46.79796,isolated_no_delivery_candidate,excluded_pending_owner_review
w310492784,w,310492784,bender_core,unaddressed_building,,99,1,407.7,29.48435,46.79398,isolated_no_delivery_candidate,excluded_pending_owner_review
w314918729,w,314918729,bender_core,address,10б,100,1,153.6,29.46948,46.84303,isolated_no_delivery_candidate,excluded_pending_owner_review
w315717125,w,315717125,bender_core,unaddressed_building,,102,1,157.8,29.48386,46.78415,isolated_no_delivery_candidate,excluded_pending_owner_review
w315807405,w,315807405,bender_core,unaddressed_building,,103,1,153.9,29.46563,46.82783,isolated_no_delivery_candidate,excluded_pending_owner_review
w316026060,w,316026060,bender_core,unaddressed_building,,105,1,179.4,29.47183,46.84765,isolated_no_delivery_candidate,excluded_pending_owner_review
w316505550,w,316505550,bender_core,unaddressed_building,,107,1,391.7,29.47955,46.79507,isolated_no_delivery_candidate,excluded_pending_owner_review
w319384363,w,319384363,bender_core,unaddressed_building,,110,1,192.1,29.47914,46.79198,isolated_no_delivery_candidate,excluded_pending_owner_review
w319384376,w,319384376,bender_core,unaddressed_building,,111,1,294.7,29.48503,46.7962,isolated_no_delivery_candidate,excluded_pending_owner_review
w319401765,w,319401765,bender_core,address,228,112,1,173.8,29.45388,46.8497,isolated_no_delivery_candidate,excluded_pending_owner_review
w320184028,w,320184028,bender_core,unaddressed_building,,113,1,164.4,29.46496,46.84851,isolated_no_delivery_candidate,excluded_pending_owner_review
w352149221,w,352149221,bender_core,address,1,115,1,159.6,29.45231,46.84629,isolated_no_delivery_candidate,excluded_pending_owner_review
w352313731,w,352313731,bender_core,unaddressed_building,,117,1,231.4,29.4574,46.81488,isolated_no_delivery_candidate,excluded_pending_owner_review
w405093321,w,405093321,bender_core,unaddressed_building,,118,1,153.5,29.46845,46.85581,isolated_no_delivery_candidate,excluded_pending_owner_review
w415313080,w,415313080,bender_core,unaddressed_building,,119,1,157.4,29.47884,46.80761,isolated_no_delivery_candidate,excluded_pending_owner_review
w41844135,w,41844135,bender_core,unaddressed_building,,36,1,297.5,29.47507,46.80343,isolated_no_delivery_candidate,excluded_pending_owner_review
w450207734,w,450207734,bender_core,unaddressed_building,,120,1,157.4,29.45368,46.81575,isolated_no_delivery_candidate,excluded_pending_owner_review
w462664998,w,462664998,bender_core,unaddressed_building,,121,1,152.9,29.45959,46.83484,isolated_no_delivery_candidate,excluded_pending_owner_review
w47475166,w,47475166,bender_core,address,205,38,1,165.5,29.46487,46.80196,isolated_no_delivery_candidate,excluded_pending_owner_review
w706969526,w,706969526,bender_core,unaddressed_building,,124,1,292.4,29.4505,46.83508,isolated_no_delivery_candidate,excluded_pending_owner_review
w707606987,w,707606987,bender_core,unaddressed_building,,125,1,187.4,29.48387,46.80176,isolated_no_delivery_candidate,excluded_pending_owner_review
w209267148,w,209267148,bender_lipcani,unaddressed_building,,66,1,178.5,29.48426,46.84186,isolated_no_delivery_candidate,excluded_pending_owner_review
w289999163,w,289999163,bender_lipcani,unaddressed_building,,80,1,432.9,29.48426,46.83885,isolated_no_delivery_candidate,excluded_pending_owner_review
w289999167,w,289999167,bender_lipcani,unaddressed_building,,81,1,344.5,29.48412,46.84002,isolated_no_delivery_candidate,excluded_pending_owner_review
w293181396,w,293181396,bender_lipcani,unaddressed_building,,83,1,473.3,29.48131,46.83655,isolated_no_delivery_candidate,excluded_pending_owner_review
w295024423,w,295024423,bender_lipcani,unaddressed_building,,85,1,418.7,29.48174,46.83796,isolated_no_delivery_candidate,excluded_pending_owner_review
w295150811,w,295150811,bender_lipcani,unaddressed_building,,87,1,437.2,29.48525,46.83962,isolated_no_delivery_candidate,excluded_pending_owner_review
w222870845,w,222870845,giska,unaddressed_building,,19,1,187.1,29.44785,46.79726,isolated_no_delivery_candidate,excluded_pending_owner_review
w410936921,w,410936921,giska,unaddressed_building,,23,1,416.8,29.44837,46.79964,isolated_no_delivery_candidate,excluded_pending_owner_review
w424745865,w,424745865,giska,unaddressed_building,,24,1,165.4,29.42912,46.78246,isolated_no_delivery_candidate,excluded_pending_owner_review
w531957061,w,531957061,giska,unaddressed_building,,29,1,172.4,29.43762,46.77445,isolated_no_delivery_candidate,excluded_pending_owner_review
w589392319,w,589392319,giska,unaddressed_building,,31,1,526.1,29.40943,46.79402,isolated_no_delivery_candidate,excluded_pending_owner_review
w284662916,w,284662916,parkany,unaddressed_building,,7,1,153.6,29.52697,46.83915,isolated_no_delivery_candidate,excluded_pending_owner_review
w284829136,w,284829136,parkany,unaddressed_building,,9,1,227.7,29.52972,46.84409,isolated_no_delivery_candidate,excluded_pending_owner_review
w284981841,w,284981841,parkany,unaddressed_building,,11,1,202.8,29.52775,46.83857,isolated_no_delivery_candidate,excluded_pending_owner_review
w285017705,w,285017705,parkany,unaddressed_building,,12,1,200.3,29.52993,46.84175,isolated_no_delivery_candidate,excluded_pending_owner_review
w285017964,w,285017964,parkany,unaddressed_building,,13,1,157.6,29.52813,46.84237,isolated_no_delivery_candidate,excluded_pending_owner_review
w287722476,w,287722476,parkany,unaddressed_building,,14,1,181.7,29.52863,46.84677,isolated_no_delivery_candidate,excluded_pending_owner_review
w320431676,w,320431676,parkany,unaddressed_building,,15,1,158.9,29.50965,46.84562,isolated_no_delivery_candidate,excluded_pending_owner_review
